original,seasonal,trend
-0.2829086184501648,0.10771167278289795,-0.39062029123306274
-0.2862849831581116,0.1185026466846466,-0.4047876298427582
-0.10058662295341492,0.3171767294406891,-0.417763352394104
-0.26265066862106323,0.16391760110855103,-0.42656826972961426
-0.566520631313324,-0.1322728395462036,-0.43424779176712036
-0.5563916563987732,-0.11691388487815857,-0.4394777715206146
-0.7792297005653381,-0.32353225350379944,-0.4556974470615387
-0.981809675693512,-0.5175720453262329,-0.46423760056495667
-0.5969076752662659,-0.11737725138664246,-0.4795304238796234
-0.2795323133468628,0.2152908742427826,-0.4948231875896454
-0.8332510590553284,-0.3204869031906128,-0.5127641558647156
-0.8568854331970215,-0.3269086480140686,-0.5299767851829529
-0.5698969960212708,-0.023038506507873535,-0.5468584895133972
-0.02293093129992485,0.5390217304229736,-0.5619526505470276
-0.14447897672653198,0.43210452795028687,-0.5765835046768188
-0.036436278373003006,0.5602066516876221,-0.5966429114341736
-0.04994161054491997,0.5621265172958374,-0.6120681166648865
-0.29303765296936035,0.3371037244796753,-0.6301413774490356
0.1290040910243988,0.7791386842727661,-0.6501345634460449
-0.43821999430656433,0.2264130413532257,-0.66463303565979
-0.7859823703765869,-0.10201811790466309,-0.6839642524719238
-0.7015740275382996,-0.0031777024269104004,-0.6983963251113892
-0.7994877099990845,-0.09089618921279907,-0.7085915207862854
-0.8974014520645142,-0.17252415418624878,-0.7248772978782654
-0.9142830967903137,-0.1851688027381897,-0.729114294052124
-0.9412937760353088,-0.2035731077194214,-0.7377206683158875
-1.0054441690444946,-0.25375473499298096,-0.7516894340515137
-0.9446700811386108,-0.18046832084655762,-0.7642017602920532
-0.7319610714912415,0.055411577224731445,-0.7873726487159729
-0.6745633482933044,0.13366305828094482,-0.8082264065742493
-0.5496389865875244,0.26891499757766724,-0.8185539841651917
-1.1101105213165283,-0.2885773777961731,-0.8215331435203552
-0.7184556722640991,0.10512983798980713,-0.8235855102539062
-1.062841773033142,-0.24581044912338257,-0.8170313239097595
-1.062841773033142,-0.2353503704071045,-0.8274914026260376
-1.1978951692581177,-0.35127121210098267,-0.846623957157135
-1.1607553958892822,-0.31803739070892334,-0.8427180051803589
-1.1438738107681274,-0.2950652241706848,-0.8488085865974426
-1.0527127981185913,-0.2050958275794983,-0.847616970539093
-1.029078483581543,-0.15921741724014282,-0.8698610663414001
-1.3059378862380981,-0.41939371824264526,-0.8865441679954529
-1.0695945024490356,-0.17040568590164185,-0.8991888165473938
-1.2046478986740112,-0.2967865467071533,-0.9078613519668579
-1.3025615215301514,-0.3951635956764221,-0.9073979258537292
-1.0223257541656494,-0.10274654626846313,-0.9195792078971863
-1.2687982320785522,-0.34471720457077026,-0.924081027507782
-1.0189493894577026,-0.10731446743011475,-0.9116349220275879
-0.8028640747070312,0.10314357280731201,-0.9060076475143433
-1.1134867668151855,-0.20900177955627441,-0.9044849872589111
-0.49899396300315857,0.39873847365379333,-0.8977324366569519
-0.7218320369720459,0.16868430376052856,-0.8905163407325745
-0.9953151345252991,-0.11062467098236084,-0.8846904635429382
-0.9244120717048645,-0.04726874828338623,-0.8771433234214783
-1.2823035717010498,-0.4095957279205322,-0.8727078437805176
-1.3261958360671997,-0.4552754759788513,-0.8709203600883484
-1.093228816986084,-0.2250227928161621,-0.8682060241699219
-0.7083266973495483,0.1603427529335022,-0.8686694502830505
-0.8838960528373718,-0.02681201696395874,-0.8570840358734131
-0.6475527286529541,0.20800864696502686,-0.855561375617981
-1.1303684711456299,-0.2840093970298767,-0.8463590741157532
-1.2552927732467651,-0.41972464323043823,-0.8355681300163269
-0.6340473294258118,0.18775063753128052,-0.8217979669570923
-1.1675081253051758,-0.36007606983184814,-0.8074320554733276
-0.5091229677200317,0.2789779305458069,-0.7881008982658386
-1.157379150390625,-0.3846372961997986,-0.7727418541908264
-0.9953151345252991,-0.23654210567474365,-0.7587730288505554
-0.6813160181045532,0.05561017990112305,-0.7369261980056763
-0.4922413229942322,0.22422832250595093,-0.7164696455001831
-0.2694033086299896,0.42270371317863464,-0.6921070218086243
-0.4922413229942322,0.17100131511688232,-0.6632426381111145
-0.6678107380867004,-0.028202414512634277,-0.6396083235740662
-0.15123161673545837,0.45779111981391907,-0.6090227365493774
-0.4145856201648712,0.16788986325263977,-0.582475483417511
-0.7218320369720459,-0.16040897369384766,-0.5614230632781982
-0.5530153512954712,-0.02065521478652954,-0.5323601365089417
-0.5462626218795776,-0.03866231441497803,-0.5076003074645996
-0.6441763639450073,-0.16947877407073975,-0.4746975898742676
-0.620542049407959,-0.19562876224517822,-0.42491328716278076
-0.7184556722640991,-0.3511386513710022,-0.3673170208930969
-0.6408000588417053,-0.333065390586853,-0.3077346682548523
-0.5361337065696716,-0.286591112613678,-0.24954257905483246
-0.5732733607292175,-0.37781837582588196,-0.19545498490333557
-0.5192520022392273,-0.36755698919296265,-0.15169502794742584
-0.6408000588417053,-0.5350496768951416,-0.10575041174888611
-0.5935313701629639,-0.5216104984283447,-0.07192086428403854
-0.5124993324279785,-0.47394460439682007,-0.03855474293231964
-0.49561768770217896,-0.501948356628418,0.006330639589577913
-0.42809098958969116,-0.4718922972679138,0.04380129277706146
-0.15798430144786835,-0.24521449208259583,0.08723019808530807
-0.2694033086299896,-0.3874839246273041,0.11808062344789505
-0.3166719973087311,-0.48149168491363525,0.16481967270374298
-0.19174765050411224,-0.4007906913757324,0.20904304087162018
-0.026307273656129837,-0.26904746890068054,0.2427401840686798
0.037843070924282074,-0.24117612838745117,0.27901920676231384
0.16952009499073029,-0.1386282593011856,0.3081483542919159
0.18302543461322784,-0.1498827189207077,0.33290815353393555
0.2910681366920471,-0.07984030246734619,0.3709084391593933
0.3349604606628418,-0.06441512703895569,0.3993755877017975
0.2708101272583008,-0.16265982389450073,0.4334699511528015
0.3687238097190857,-0.10420289635658264,0.47292670607566833
0.7637548446655273,0.25302642583847046,0.5107284188270569
0.9562059044837952,0.4073448181152344,0.5488610863685608
1.5436879396438599,0.9523247480392456,0.5913631916046143
2.012998342514038,1.38224458694458,0.630753755569458
1.756397008895874,1.0755279064178467,0.6808691620826721
1.6416015625,0.9139932990074158,0.7276082634925842
1.6652358770370483,0.8948606848716736,0.7703751921653748
1.5234299898147583,0.7132008671760559,0.8102291226387024
1.4592796564102173,0.6129701733589172,0.8463094830513
1.077754020690918,0.19688671827316284,0.8808673024177551
0.5713038444519043,-0.3349190950393677,0.906222939491272
1.0338616371154785,0.10559320449829102,0.9282684326171875
1.276957631111145,0.3264451026916504,0.9505125284194946
1.047366976737976,0.0742793083190918,0.9730876684188843
1.0642485618591309,0.062098026275634766,1.002150535583496
1.2263126373291016,0.1902000904083252,1.0361125469207764
1.2600759267807007,0.18583059310913086,1.0742453336715698
1.0372378826141357,-0.0722271203994751,1.1094650030136108
1.3579895496368408,0.21866703033447266,1.1393225193023682
1.2161836624145508,0.058125853538513184,1.1580578088760376
0.7705075740814209,-0.4114493131637573,1.1819568872451782
1.2702049016952515,0.06328964233398438,1.206915259361267
1.3005919456481934,0.07295513153076172,1.2276368141174316
1.3242262601852417,0.07401430606842041,1.2502119541168213
1.2904629707336426,0.018801450729370117,1.2716615200042725
1.3748712539672852,0.0851362943649292,1.289734959602356
1.3985055685043335,0.09241855144500732,1.3060870170593262
1.5234299898147583,0.20271217823028564,1.3207178115844727
1.3883765935897827,0.0636206865310669,1.3247559070587158
1.8374290466308594,0.5073769092559814,1.330052137374878
1.7428916692733765,0.4016512632369995,1.341240406036377
1.6449779272079468,0.2908942699432373,1.3540836572647095
1.4592796564102173,0.09778118133544922,1.361498475074768
1.3208500146865845,-0.049784302711486816,1.3706343173980713
1.1216462850570679,-0.2562042474746704,1.3778505325317383
0.6996045112609863,-0.6912879943847656,1.390892505645752
0.6118198037147522,-0.8064141869544983,1.4182339906692505
0.6388305425643921,-0.7956893444061279,1.43451988697052
0.7232388854026794,-0.7222043871879578,1.4454432725906372
1.3242262601852417,-0.13240528106689453,1.4566315412521362
1.4626559019088745,-0.008473873138427734,1.4711297750473022
1.628096342086792,0.15451693534851074,1.4735794067382812
1.6044620275497437,0.12796950340270996,1.4764925241470337
1.4964191913604736,0.014233231544494629,1.482185959815979
0.9933456182479858,-0.4877147674560547,1.4810603857040405
1.3883765935897827,-0.09069764614105225,1.479074239730835
1.4559032917022705,-0.018933892250061035,1.4748371839523315
1.34786057472229,-0.11790692806243896,1.465767502784729
1.4862903356552124,0.02621614933013916,1.4600741863250732
1.3647422790527344,-0.08288586139678955,1.447628140449524
1.2904629707336426,-0.142600417137146,1.4330633878707886
1.59770929813385,0.17795252799987793,1.4197567701339722
1.7023756504058838,0.29268181324005127,1.4096938371658325
1.7496442794799805,0.36007606983184814,1.3895682096481323
2.28310489654541,0.9124705791473389,1.3706343173980713
2.3269975185394287,0.980262279510498,1.3467352390289307
2.2966103553771973,0.9866839647293091,1.3099263906478882
2.0433855056762695,0.7523931264877319,1.2909923791885376
1.9893640279769897,0.7258456945419312,1.2635183334350586
1.827299952507019,0.5837085247039795,1.2435914278030396
1.7428916692733765,0.5220739841461182,1.2208176851272583
1.9657297134399414,0.7507377862930298,1.2149919271469116
1.864439606666565,0.6611654758453369,1.203274130821228
1.8340526819229126,0.6469982862472534,1.1870543956756592
1.6179672479629517,0.43932044506073,1.1786468029022217
1.8036657571792603,0.6440191268920898,1.1596466302871704
1.3512369394302368,0.21648263931274414,1.1347543001174927
1.4086345434188843,0.299169659614563,1.1094648838043213
1.327602505683899,0.2490541934967041,1.0785483121871948
1.3005919456481934,0.2458103895187378,1.0547815561294556
1.1148936748504639,0.06838750839233398,1.0465061664581299
0.55442214012146,-0.4697737693786621,1.024195909500122
0.8076472282409668,-0.19258344173431396,1.0002306699752808
1.0102273225784302,0.030916690826416016,0.9793106317520142
0.6894754767417908,-0.2656712532043457,0.9551467299461365
0.5476694703102112,-0.38642483949661255,0.9340943098068237
0.6962282061576843,-0.21635019779205322,0.9125784039497375
0.8853029012680054,0.0010592341423034668,0.8842436671257019
0.4970244765281677,-0.3565674424171448,0.8535919189453125
0.42274510860443115,-0.3914562463760376,0.8142013549804688
0.6185725331306458,-0.15014761686325073,0.7687201499938965
-0.1343499720096588,-0.8544111251831055,0.720061182975769
0.67934650182724,0.012975633144378662,0.6663708686828613
0.05810108408331871,-0.5600742101669312,0.6181752681732178
0.3045734465122223,-0.26633331179618835,0.5709067583084106
-0.0398126021027565,-0.5591474771499634,0.5193348526954651
0.4024871289730072,-0.06593787670135498,0.4684250056743622
0.014208734966814518,-0.39330989122390747,0.4075186252593994
-0.18837128579616547,-0.5376315712928772,0.3492603003978729
0.2944444417953491,0.005362361669540405,0.2890820801258087
0.35521847009658813,0.11916473507881165,0.2360537350177765
0.193154439330101,0.013968810439109802,0.1791856288909912
0.3383367657661438,0.20787620544433594,0.13046056032180786
0.027714064344763756,-0.05382267385721207,0.08153674006462097
0.28431543707847595,0.2513052225112915,0.03301021829247475
0.5713038444519043,0.5843706130981445,-0.013066780753433704
0.25055211782455444,0.30618712306022644,-0.055635012686252594
0.2336704432964325,0.3208179175853729,-0.08714746683835983
0.28093913197517395,0.39840736985206604,-0.11746824532747269
0.25392845273017883,0.4101252555847168,-0.15619678795337677
0.2910681366920471,0.4681849479675293,-0.17711682617664337
0.193154439330101,0.3822539150714874,-0.1890994757413864
0.15263843536376953,0.3543164134025574,-0.20167799293994904
0.13913309574127197,0.3579575717449188,-0.21882447600364685
-0.25927430391311646,-0.03581564128398895,-0.2234586626291275
-0.036436278373003006,0.18662519752979279,-0.2230614721775055
-0.15460793673992157,0.07169744372367859,-0.22630538046360016
-0.4415963590145111,-0.22866390645503998,-0.21293245255947113
-0.4145856201648712,-0.19953468441963196,-0.21505093574523926
-0.42133834958076477,-0.2186010777950287,-0.20273727178573608
-0.8028640747070312,-0.6100572347640991,-0.19280685484409332
-0.8535090684890747,-0.6797023415565491,-0.17380671203136444
-1.1404973268508911,-0.9737743139266968,-0.16672302782535553
-1.106734037399292,-0.9566279053688049,-0.15010614693164825
-1.2350349426269531,-1.1040613651275635,-0.13097362220287323
-1.0864760875701904,-0.9603352546691895,-0.1261408030986786
-1.0966050624847412,-0.9315370917320251,-0.16506795585155487
-1.1337448358535767,-0.9795340895652771,-0.15421073138713837
-1.0864760875701904,-0.9417985081672668,-0.14467757940292358
-1.1472500562667847,-1.020050048828125,-0.12720006704330444
-1.0493364334106445,-0.9500076770782471,-0.09932877868413925
-1.0560890436172485,-0.9824468493461609,-0.07364217191934586
-1.0527127981185913,-1.0119733810424805,-0.04073944687843323
-0.7387136816978455,-0.7233298420906067,-0.015383820980787277
-0.9649280309677124,-0.9792692065238953,0.014341157861053944
-0.3774459660053253,-0.4225713312625885,0.045125361531972885
-0.06344695389270782,-0.13591402769088745,0.07246706634759903
0.054724741727113724,-0.041575249284505844,0.09629999101161957
0.010832412168383598,-0.10943295061588287,0.12026536464691162
0.2606810927391052,0.11280924081802368,0.14787185192108154
0.4430031180381775,0.25507867336273193,0.18792442977428436
0.45313215255737305,0.23031896352767944,0.2228131890296936
0.5476694703102112,0.28725317120552063,0.26041629910469055
0.5713038444519043,0.2629568576812744,0.3083469867706299
0.6860992312431335,0.3316090703010559,0.35449016094207764
0.8110235333442688,0.4088674783706665,0.4021560549736023
0.9291952252388,0.4804987609386444,0.44869646430015564
0.7637548446655273,0.27924269437789917,0.4845121502876282
0.8616685271263123,0.3233998417854309,0.5382686853408813
0.7873892188072205,0.19708532094955444,0.590303897857666
0.5409168601036072,-0.10738056898117065,0.6482974290847778
-1.63006591796875,-2.329273223876953,0.6992073059082031
0.7468731999397278,-0.0006619691848754883,0.7475351691246033
0.8245288729667664,0.017940998077392578,0.8065878748893738
0.9190662503242493,0.0685197114944458,0.8505465388298035
1.705751895904541,0.8093931078910828,0.8963587880134583
1.8813213109970093,0.9513978958129883,0.929923415184021
1.9285900592803955,0.9637778997421265,0.964812159538269
1.5268062353134155,0.5304816365242004,0.9963245987892151
1.7969130277633667,0.7856266498565674,1.0112863779067993
1.8239237070083618,0.8181320428848267,1.0057916641235352
1.6854939460754395,0.6942668557167053,0.9912270903587341
1.4086345434188843,0.43382567167282104,0.9748088717460632
1.3748712539672852,0.41403114795684814,0.960840106010437
1.5470643043518066,0.6019803881645203,0.9450839161872864
1.7834076881408691,0.8554702401161194,0.9279374480247498
1.7428916692733765,0.8354109525680542,0.9074807167053223
1.7631497383117676,0.8691082000732422,0.8940415382385254
2.0028693675994873,1.1178975105285645,0.8849718570709229
1.9387190341949463,1.0577855110168457,0.8809335231781006
2.009622097015381,1.1296815872192383,0.8799405694007874
1.570698618888855,0.6906257271766663,0.8800728917121887
0.9730876088142395,0.09678822755813599,0.8762993812561035
1.6010855436325073,0.7340545058250427,0.8670310378074646
1.5470643043518066,0.69731205701828,0.8497522473335266
1.7226336002349854,0.8931394219398499,0.8294941782951355
1.5099246501922607,0.700092613697052,0.8098320364952087
1.3681185245513916,0.5322026610374451,0.8359158635139465
1.877945065498352,1.0618237257003784,0.8161213397979736
1.155409574508667,0.3603407144546509,0.7950688600540161
1.1891729831695557,0.4174737334251404,0.7716992497444153
0.6624648571014404,-0.06805640459060669,0.7305212616920471
0.7232388854026794,0.0401187539100647,0.6831201314926147
0.55442214012146,-0.07573592662811279,0.6301580667495728
0.02433774247765541,-0.5538512468338013,0.5781890153884888
-1.2451637983322144,-1.7610560655593872,0.5158922672271729
-1.120239496231079,-1.5811834335327148,0.4609439969062805
-0.9007776975631714,-1.3065086603164673,0.4057309329509735
-0.6576817035675049,-1.0100533962249756,0.3523716926574707
-0.7927350997924805,-1.0943955183029175,0.3016604483127594
-0.6137893199920654,-0.8612298965454102,0.24744054675102234
-0.6002840399742126,-0.7850969433784485,0.18481291830539703
-0.23226363956928253,-0.35570666193962097,0.12344302982091904
0.08511174470186234,0.0250246524810791,0.060087092220783234
0.3653474748134613,0.3686824440956116,-0.0033349734731018543
0.6354541778564453,0.7034028768539429,-0.06794869899749756
0.8177762031555176,0.9462341070175171,-0.1284579038619995
0.7367441654205322,0.9131989479064941,-0.17645478248596191
0.2910681366920471,0.5129379034042358,-0.22186978161334991
-0.019554607570171356,0.2576606273651123,-0.27721524238586426
-0.2457689642906189,0.08699026703834534,-0.33275923132896423
-0.46185430884361267,-0.0740145742893219,-0.38783973455429077
-0.29979032278060913,0.14392444491386414,-0.44371476769447327
-0.26265066862106323,0.2324373424053192,-0.49508801102638245
-0.24914532899856567,0.3106226325035095,-0.5597679615020752
-0.2727796733379364,0.33902356028556824,-0.6118032336235046
-0.3943276107311249,0.2636187970638275,-0.6579464077949524
-0.5361337065696716,0.15100818872451782,-0.6871418952941895
-0.7724770903587341,-0.05183655023574829,-0.7206405401229858
-1.1236157417297363,-0.3693443536758423,-0.754271388053894
-1.38021719455719,-0.6086007356643677,-0.7716164588928223
-0.9784334301948547,-0.21184837818145752,-0.7665850520133972
-1.1303684711456299,-0.3769577741622925,-0.7534106969833374
-1.3126906156539917,-0.5668269991874695,-0.7458636164665222
-1.2114003896713257,-0.45434850454330444,-0.7570518851280212
-1.2181531190872192,-0.4584532380104065,-0.7596998810768127
-1.4106042385101318,-0.6586500406265259,-0.751954197883606
-1.3869699239730835,-0.6339565515518188,-0.7530133724212646
-1.4680019617080688,-0.7183648943901062,-0.7496370673179626
-1.2316584587097168,-0.48513299226760864,-0.7465254664421082
-1.3565828800201416,-0.6056218147277832,-0.7509610652923584
-1.07634699344635,-0.3074449896812439,-0.7689020037651062
-0.8771434426307678,-0.10420304536819458,-0.7729403972625732
-1.343077540397644,-0.5465027689933777,-0.7965747714042664
-1.2215293645858765,-0.40813910961151123,-0.8133902549743652
-1.285679817199707,-0.46864843368530273,-0.8170313835144043
-1.0864760875701904,-0.2714307904243469,-0.8150452971458435
-1.3397012948989868,-0.5226036906242371,-0.8170976042747498
-1.251916527748108,-0.4489862322807312,-0.8029302954673767
-1.4207332134246826,-0.6295871138572693,-0.7911460995674133
-1.4983890056610107,-0.7247204780578613,-0.7736685276031494
-1.164131760597229,-0.39906954765319824,-0.7650622129440308
-0.8264983892440796,-0.0936768651008606,-0.732821524143219
-0.9851861596107483,-0.2527618408203125,-0.7324243187904358
-1.1607553958892822,-0.4517005681991577,-0.7090548276901245
-0.8602616786956787,-0.16987597942352295,-0.6903856992721558
-0.9885624051094055,-0.3310132622718811,-0.6575491428375244
-0.4483489990234375,0.20271223783493042,-0.6510612368583679
-0.5158756971359253,0.12346774339675903,-0.6393434405326843
-1.22828209400177,-0.5979422926902771,-0.6303398013114929
-0.9277883768081665,-0.30704784393310547,-0.620740532875061
-0.21875829994678497,0.4011216163635254,-0.6198799014091492
-0.6543053388595581,-0.04846036434173584,-0.6058449745178223
-0.060070596635341644,0.5294885039329529,-0.5895590782165527
0.24379943311214447,0.8193898797035217,-0.5755904316902161
0.13913309574127197,0.7064481973648071,-0.5673151016235352
-0.2795323133468628,0.27977222204208374,-0.5593045353889465
0.6118198037147522,1.1693367958068848,-0.5575170516967773
-0.46860700845718384,0.08705639839172363,-0.5556634068489075
-0.566520631313324,-0.022442638874053955,-0.54407799243927
-0.2052529752254486,0.3355810344219208,-0.5408340096473694
-0.14447897672653198,0.38629233837127686,-0.5307713150978088
-0.566520631313324,-0.07182976603507996,-0.494690865278244
0.42274510860443115,0.884202241897583,-0.46145713329315186
0.3383367657661438,0.7697378993034363,-0.4314011335372925
0.6422068476676941,1.0583813190460205,-0.4161745309829712
0.1661437600851059,0.5636491775512695,-0.39750540256500244
1.24994695186615,1.6424870491027832,-0.3925401568412781
-0.5158756971359253,-0.11790692806243896,-0.39796876907348633
0.41936883330345154,0.8158149123191833,-0.3964460790157318
-0.1714896261692047,0.2186010479927063,-0.390090674161911
0.2944444417953491,0.6763260364532471,-0.38188159465789795
-0.6475527286529541,-0.2932775914669037,-0.3542751371860504
-0.5327573418617249,-0.19331160187721252,-0.33944573998451233
-0.8535090684890747,-0.5271052122116089,-0.32640382647514343
-0.7218320369720459,-0.42363059520721436,-0.29820144176483154
-1.1742608547210693,-0.9059168100357056,-0.26834404468536377
-0.6948213577270508,-0.44964826107025146,-0.2451731115579605
-0.5563916563987732,-0.3384940028190613,-0.21789765357971191
-0.755595326423645,-0.5446489453315735,-0.21094636619091034
-0.80961674451828,-0.6137645244598389,-0.19585220515727997
-0.9480463862419128,-0.7740410566329956,-0.17400529980659485
-0.9851861596107483,-0.8318360447883606,-0.1533500999212265
-0.7826060652732849,-0.6219736337661743,-0.1606324017047882
-0.7522190809249878,-0.5998620390892029,-0.1523570567369461
-1.0560890436172485,-0.9159794449806213,-0.140109583735466
-0.7724770903587341,-0.63779616355896,-0.13468095660209656
0.7536258101463318,0.8903590440750122,-0.13673321902751923
0.35521847009658813,0.49155449867248535,-0.1363360434770584
0.28093913197517395,0.43640774488449097,-0.15546859800815582
-0.6441763639450073,-0.47414320707321167,-0.17003317177295685
-0.5462626218795776,-0.3501456379890442,-0.19611698389053345
-0.9109067320823669,-0.711347222328186,-0.1995595097541809
-1.1033577919006348,-0.8857910633087158,-0.21756669878959656
-0.9075303673744202,-0.7071763873100281,-0.2003539651632309
-0.8366274237632751,-0.6282629370689392,-0.20836447179317474
-0.4415963590145111,-0.22555238008499146,-0.21604397892951965
0.41936883330345154,0.6520959138870239,-0.23272709548473358
0.30794981122016907,0.5351158380508423,-0.22716602683067322
0.14926210045814514,0.37530267238616943,-0.2260405570268631
0.21003611385822296,0.432435542345047,-0.22239942848682404
0.5949381589889526,0.8230972290039062,-0.2281590700149536
0.9629586338996887,1.190720558166504,-0.2277618646621704
0.7367441654205322,0.9736419916152954,-0.23689782619476318
0.2944444417953491,0.5442517995834351,-0.24980734288692474
1.0136035680770874,1.2744667530059814,-0.26086312532424927
1.2533231973648071,1.5227926969528198,-0.2694694995880127
0.7738838195800781,1.0473254919052124,-0.2734416425228119
0.24042311310768127,0.5199553966522217,-0.2795323133468628
-0.04656526818871498,0.2401169240474701,-0.2866821885108948
0.05810108408331871,0.3483582139015198,-0.29025712609291077
0.07160641252994537,0.36576950550079346,-0.2941630780696869
-0.24914532899856567,0.05018153786659241,-0.2993268668651581
-0.5462626218795776,-0.2085382342338562,-0.33772438764572144
-0.5530153512954712,-0.1839771270751953,-0.3690382242202759
-0.40445661544799805,-0.0025157034397125244,-0.4019409120082855
-0.6880687475204468,-0.2822880744934082,-0.4057806730270386
-0.009425600990653038,0.40707990527153015,-0.41650551557540894
0.3315841257572174,0.7508702278137207,-0.4192861020565033
0.3619711101055145,0.7835080623626709,-0.42153695225715637
0.010832412168383598,0.4371359646320343,-0.42630356550216675
-0.5631443858146667,-0.14187219738960266,-0.4212721884250641
-0.5563916563987732,-0.1355166733264923,-0.4208749830722809
-0.36394065618515015,0.0797080397605896,-0.44364869594573975
-0.4753596782684326,-0.005163758993148804,-0.4701959192752838
-0.6678107380867004,-0.17179575562477112,-0.4960149824619293
-1.0155731439590454,-0.4944673776626587,-0.5211057662963867
-1.1540027856826782,-0.6002590656280518,-0.5537437200546265
-1.1607553958892822,-0.5671576857566833,-0.5935977101325989
-1.214776873588562,-0.5857608318328857,-0.6290160417556763
-1.3194432258605957,-0.6636812686920166,-0.6557619571685791
-1.2485402822494507,-0.5519313216209412,-0.6966089606285095
-1.1506264209747314,-0.4084700345993042,-0.7421563863754272
-1.2958087921142578,-0.5175057649612427,-0.7783030271530151
-1.1472500562667847,-0.34326034784317017,-0.8039897084236145
-0.9345411062240601,-0.11049199104309082,-0.8240491151809692
-1.2552927732467651,-0.4091319441795349,-0.8461608290672302
-1.0358309745788574,-0.16729366779327393,-0.8685373067855835
-1.2046478986740112,-0.3200233578681946,-0.8846245408058167
-1.2417875528335571,-0.346901535987854,-0.8948860168457031
-1.3970988988876343,-0.49208390712738037,-0.9050149917602539
-0.8400037288665771,0.07805323600769043,-0.9180569648742676
-1.093228816986084,-0.1676909327507019,-0.9255378842353821
-1.0527127981185913,-0.10638731718063354,-0.9463254809379578
-1.2181531190872192,-0.2443535327911377,-0.9737995862960815
-1.1506264209747314,-0.14875686168670654,-1.001869559288025
-0.5800260305404663,0.4430283308029175,-1.0230543613433838
-0.42133834958076477,0.6116464138031006,-1.032984733581543
-0.7420900464057922,0.30095750093460083,-1.043047547340393
-1.0459600687026978,0.01092386245727539,-1.0568839311599731
-1.1675081253051758,-0.09897243976593018,-1.0685356855392456
-1.0695945024490356,0.006819367408752441,-1.076413869857788
